transaction_amount,average_transaction_amount,transactions_last_hour,country_risk_score,transaction_hour
9.468744945223412,774.3355472066658,7,0.04079874182439114,23
26.97036386325842,643.3821653367437,9,0.5580244175847743,13
305.32028435279113,925.4033835789555,6,0.22232652043968315,11
264.1631433718551,802.2902761643034,3,0.2409038527958265,7
136.15122894759014,492.12681802805395,5,0.9232173817233748,23
31.025197022911094,873.8466206969099,9,0.043686044885709485,13
352.2208683116214,974.9548415280133,8,0.17796232193160255,16
389.5511589356485,556.0588227736964,3,0.845630845067405,18
401.32753915923496,571.6616246608761,10,0.7877185888824513,12
411.7995380257346,679.544043365708,8,0.7379066202109063,14
129.56203548615926,77.64928402045541,5,0.8961049246558995,2
177.74871111994895,734.9677369805039,8,0.49306722019404126,11
379.6743668436874,634.1916903159824,5,0.3092574482675985,7
85.17596035397705,858.90505487557,9,0.820132527002472,10
108.56413502511288,309.4273278182542,8,0.16410606847200682,20
425.988364515675,396.088440105612,3,0.13670452231633867,16
437.71266255857927,445.9545540306242,8,0.0481541137600382,11
347.6789991887275,52.65873109744011,6,0.2738383469101232,5
28.94411188565112,170.37563804863265,4,0.12663834718466171,2
412.35155026839794,600.1834132615274,1,0.9561533341937926,3
316.55136307952154,982.4436297227606,4,0.35050594672276203,1
49.88757995780748,223.5666276331162,3,0.7736991574024258,19
257.67587404004917,181.78979878420864,3,0.708862719697709,12
376.61692629830293,921.7034462795012,3,0.8170563807690308,15
459.0188600665717,197.93954994812822,4,0.7493719917451239,11
428.21415153979285,954.1753575414564,6,0.08174460942599016,3
441.19144905365243,949.0478499315203,5,0.5144034249998023,5
178.038667928678,284.42810949000153,5,0.869101937596981,0
410.6864809785995,547.0658548577371,3,0.9984144035008545,12
385.95838255804495,292.38695578871045,5,0.350176253697982,0
390.8294826093949,55.527657445643314,8,0.036825589330534814,9
5.966635912993366,339.5281863837194,9,0.3157426027937833,15
96.37851291239336,746.530850407059,9,0.005275654241617134,10
288.66323682228267,124.84645952265684,5,0.2589312422901229,2
435.7687629124405,301.1995664902589,6,0.4615925850802104,7
233.41337972830866,971.5783940467833,7,0.780737283239226,0
153.38365237697457,11.282788952500734,10,0.14738509554553492,7
181.15794512474758,189.28272677013226,9,0.1451068563708644,9
385.1880634445467,202.0484014759988,9,0.7746391815657034,3
34.0741044908755,457.1639853903592,3,0.9982657959978126,4
172.65594159156524,878.5795779921451,2,0.9544384831105492,7
412.2173061034514,323.7670215384783,3,0.5106646316762011,3
147.1515212443333,204.4880586886429,5,0.5679871964116686,6
265.27753180121425,865.88770890998,2,0.42759701757774626,20
76.13496784717928,233.2235455978658,10,0.35371522054070537,3
334.0350137142626,820.7351870096606,9,0.6196386386166087,1
385.7063200674264,889.1476438662252,1,0.6396657466876964,21
146.87083183324165,310.79503244572487,9,0.4341455752027368,20
459.92285886828466,19.733024845366938,4,0.968539781662959,6
353.47053069399084,612.8279973768527,1,0.6737721873243275,8
414.1323201485459,52.44976202769095,2,0.9972689573786075,17
301.0641168171142,640.4324032983909,1,0.986402845531563,7
201.86281729129988,383.63865219088535,9,0.704158195236617,12
108.5185515666205,161.7073407329428,10,0.6239400236978458,16
139.0515408020446,475.0070784317468,9,0.7238794388906463,3
478.5191818036351,222.95451095662872,6,0.16856266382176166,5
7.9101338955334,709.1841448082104,5,0.21967271816278944,16
46.9568179418416,841.862286365046,9,0.3875890294339197,4
196.55585331315262,905.5865517368518,9,0.7557145933382017,1
197.09738587481473,448.74498488412917,4,0.959916022882395,22
452.3947197997694,236.6119846597117,3,0.780459278561474,4
244.48615746643327,670.8434197000867,9,0.8939703975330522,3
151.26105295004623,373.4215725120843,1,0.5946716373016588,14
33.13883998170659,270.3765792859288,5,0.019758625918268713,20
5.432376497304765,361.2974968740638,8,0.6090345020777285,23
137.62668538828808,32.991971795836264,6,0.2253229961802209,8
31.214982611264684,282.9799397896641,3,0.4681433640386914,1
181.9234179469849,769.2811420387827,4,0.12561307604869798,2
379.0381257097102,714.6752225735531,3,0.31926603522872965,1
428.0023695781131,41.247609508695135,3,0.06930480856558285,14
398.0226015626065,900.2800212816547,10,0.8686701043144807,14
314.00843304765044,830.7990365012835,6,0.34970587554896426,8
477.1608000680853,199.9517877557436,2,0.10385228296732385,6
91.340728553973,152.5743266684011,5,0.8526714497762681,12
180.44569037319968,723.7977227298697,4,0.5801456330410539,18
42.75750448241805,361.221837788705,9,0.4676935228297764,14
203.06965558081143,209.43875076638864,9,0.45186508503711365,3
427.0038022555637,509.966608568685,2,0.6865335767536592,20
206.5325767876299,119.86880032038044,10,0.38952091461252714,4
241.68304205601993,556.3892025481118,5,0.8371953607579424,21
215.4439401495037,625.2662428949836,5,0.46318291695121594,18
469.2505748236377,396.5431711253955,8,0.652697548884731,4
428.7066110650464,609.4637179765664,4,0.24681089555507063,17
243.14417856809558,682.0856462708625,4,0.4300494506354974,22
244.01840263089997,135.45737659342282,9,0.0775060434450936,19
258.4150899997255,671.2582798275575,9,0.16021153345516748,21
332.21625983455186,209.29704167576756,6,0.6180069740702852,13
498.38385763903113,337.296907733083,7,0.5227790932387802,7
157.57359663660287,959.9530123668382,5,0.5501542630750796,18
32.29945161722073,73.46638734434349,7,0.28660508566110254,10
332.9876234320818,25.698302948053836,4,0.6369035632015713,4
153.38138899240946,960.7180225726183,5,0.05000225452667384,18
485.4758385756286,432.1935258553169,1,0.34771111439375846,2
299.4301850042323,890.7181644901907,6,0.8067331243526451,5
236.37293439120342,631.6453365849271,2,0.2838368052609357,22
79.29205192361023,177.4927109672729,5,0.9013458277598864,1
239.9835308296168,269.16587213655083,2,0.1670291882697036,6
149.29746254678787,491.01543010460523,10,0.6270577631494032,5
111.82976714281257,454.5348460798697,3,0.9636803136522935,20
213.44569317287798,190.28943202906925,1,0.8598741661428925,5
